dataset,profile_id,algorithm
real_pv,2025-01-14_rep00,GA (P=50)
real_pv,2025-01-22_rep00,GWO
real_pv,2025-03-17_rep00,GA (P=50)
real_pv,2025-03-19_rep00,GA (P=100)
real_pv,2025-05-23_rep00,GA (P=100)
real_pv,2025-05-30_rep00,GA (P=100)
real_pv,2025-06-12_rep00,GA (P=100)
real_pv,2025-06-28_rep00,GA (P=100)
real_pv,2025-08-01_rep00,GA (P=100)
real_pv,2025-08-22_rep00,GA (P=100)
real_pv,2025-09-01_rep00,GA (P=100)
real_pv,2025-09-25_rep00,GA (P=100)
real_pv,2025-11-02_rep00,GA (P=50)
real_pv,2025-11-30_rep00,GWO
real_pv,2025-12-24_rep00,GWO
real_pv,2025-12-27_rep00,GA (P=100)
synthetic,2025-01-14_rep00,GA (P=100)
synthetic,2025-01-22_rep00,GA (P=50)
synthetic,2025-03-17_rep00,GA (P=100)
synthetic,2025-03-19_rep00,GA (P=100)
synthetic,2025-05-23_rep00,GA (P=50)
synthetic,2025-05-30_rep00,GA (P=100)
synthetic,2025-06-12_rep00,GA (P=100)
synthetic,2025-06-28_rep00,GA (P=50)
synthetic,2025-08-01_rep00,GA (P=100)
synthetic,2025-08-22_rep00,GA (P=100)
synthetic,2025-09-01_rep00,GA (P=100)
synthetic,2025-09-25_rep00,GA (P=100)
synthetic,2025-11-02_rep00,GWO
synthetic,2025-11-30_rep00,GA (P=100)
synthetic,2025-12-24_rep00,GA (P=100)
synthetic,2025-12-27_rep00,GA (P=100)
